timestamp_unix,outdoor_temp_c,solar_irradiance_kw_m2
1517443200,2.3,0.0
1517446800,2.0,0.0
1517450400,2.0,0.0
1517454000,2.2,0.0
1517457600,3.2,0.0
1517461200,3.3,0.0
1517464800,3.0,0.0
1517468400,2.3,0.0
1517472000,2.6,0.002
1517475600,3.8,0.068
1517479200,5.0,0.177
1517482800,6.1,0.275
1517486400,6.7,0.304
1517490000,6.8,0.305
1517493600,6.3,0.233
1517497200,6.2,0.17
1517500800,5.8,0.071
1517504400,5.2,0.011
1517508000,4.7,0.0
1517511600,4.2,0.0
1517515200,3.6,0.0
1517518800,3.4,0.0
1517522400,2.8,0.0
1517526000,2.5,0.0
1517529600,2.5,0.0
1517533200,2.5,0.0
1517536800,2.2,0.0
1517540400,2.3,0.0
1517544000,2.6,0.0
1517547600,2.6,0.0
1517551200,3.8,0.0
1517554800,3.8,0.0
1517558400,3.0,0.002
1517562000,3.7,0.058
1517565600,4.7,0.155
1517569200,5.8,0.244
1517572800,6.8,0.312
1517576400,7.2,0.153
1517580000,7.1,0.191
1517583600,6.8,0.123
1517587200,6.3,0.088
1517590800,4.4,0.018
1517594400,3.2,0.0
1517598000,2.8,0.0
1517601600,1.8,0.0
1517605200,1.0,0.0
1517608800,0.8,0.0
1517612400,0.9,0.0
1517616000,1.5,0.0
1517619600,1.1,0.0
1517623200,0.9,0.0
1517626800,0.9,0.0
1517630400,1.4,0.0
1517634000,1.5,0.0
1517637600,1.8,0.0
1517641200,1.5,0.0
1517644800,1.8,0.001
1517648400,2.5,0.022
1517652000,3.1,0.048
1517655600,3.5,0.081
1517659200,3.7,0.098
1517662800,3.9,0.08
1517666400,4.0,0.071
1517670000,4.0,0.065
1517673600,3.8,0.031
1517677200,3.2,0.006
1517680800,2.9,0.0
1517684400,2.6,0.0
1517688000,2.2,0.0
1517691600,2.4,0.0
1517695200,2.7,0.0
1517698800,2.7,0.0
1517702400,1.9,0.0
1517706000,1.5,0.0
1517709600,1.7,0.0
1517713200,1.5,0.0
1517716800,0.4,0.0
1517720400,0.5,0.0
1517724000,0.6,0.0
1517727600,0.9,0.0
1517731200,1.4,0.002
1517734800,2.2,0.053
1517738400,3.5,0.189
1517742000,4.6,0.294
1517745600,4.9,0.346
1517749200,5.0,0.217
1517752800,5.2,0.212
1517756400,5.2,0.126
1517760000,4.5,0.094
1517763600,3.6,0.02
1517767200,2.5,0.0
1517770800,1.5,0.0
1517774400,1.1,0.0
1517778000,0.6,0.0
1517781600,0.3,0.0
1517785200,0.1,0.0
1517788800,-0.2,0.0
1517792400,-0.3,0.0
1517796000,-0.6,0.0
1517799600,-0.9,0.0
1517803200,-1.2,0.0
1517806800,-1.1,0.0
1517810400,-1.2,0.0
1517814000,-1.4,0.0
1517817600,-1.0,0.004
1517821200,0.5,0.08
1517824800,2.0,0.183
1517828400,3.5,0.249
1517832000,3.8,0.266
1517835600,3.9,0.215
1517839200,3.8,0.233
1517842800,3.5,0.181
1517846400,2.8,0.102
1517850000,1.5,0.026
1517853600,0.9,0.0
1517857200,0.3,0.0
1517860800,-0.3,0.0
1517864400,-0.1,0.0
1517868000,0.4,0.0
1517871600,0.1,0.0
1517875200,-0.1,0.0
1517878800,-0.1,0.0
1517882400,-0.6,0.0
1517886000,-0.5,0.0
1517889600,-0.2,0.0
1517893200,-0.3,0.0
1517896800,-0.6,0.0
1517900400,-0.9,0.0
1517904000,-1.4,0.005
1517907600,-0.1,0.068
1517911200,1.2,0.184
1517914800,2.5,0.292
1517918400,3.3,0.316
1517922000,3.6,0.303
1517925600,3.6,0.274
1517929200,3.5,0.23
1517932800,2.9,0.102
1517936400,1.5,0.026
1517940000,0.5,0.0
1517943600,-0.2,0.0
1517947200,-1.2,0.0
1517950800,-2.5,0.0
1517954400,-2.8,0.0
1517958000,-2.4,0.0
1517961600,0.3,0.0
1517965200,1.0,0.0
1517968800,1.4,0.0
1517972400,1.6,0.0
1517976000,1.5,0.0
1517979600,1.0,0.0
1517983200,1.1,0.0
1517986800,1.2,0.0
1517990400,1.0,0.003
1517994000,1.2,0.05
1517997600,1.8,0.172
1518001200,2.8,0.292
1518004800,3.8,0.341
1518008400,4.8,0.35
1518012000,5.0,0.281
1518015600,4.8,0.161
1518019200,4.3,0.098
1518022800,1.9,0.028
1518026400,0.8,0.0
1518030000,-0.4,0.0
1518033600,-1.4,0.0
1518037200,-1.9,0.0
1518040800,-1.9,0.0
1518044400,-3.2,0.0
1518048000,-2.8,0.0
1518051600,-3.1,0.0
1518055200,-3.5,0.0
1518058800,-3.3,0.0
1518062400,-3.2,0.0
1518066000,-2.9,0.0
1518069600,-2.8,0.0
1518073200,-2.5,0.0
1518076800,-1.5,0.007
1518080400,0.9,0.091
1518084000,3.2,0.199
1518087600,4.8,0.228
1518091200,5.3,0.191
1518094800,6.0,0.128
1518098400,5.8,0.061
1518102000,6.1,0.067
1518105600,5.8,0.036
1518109200,5.5,0.01
1518112800,5.4,0.0
1518116400,5.8,0.0
1518120000,5.8,0.0
1518123600,5.8,0.0
1518127200,5.4,0.0
1518130800,5.2,0.0
1518134400,5.2,0.0
1518138000,5.6,0.0
1518141600,5.6,0.0
1518145200,5.4,0.0
1518148800,5.3,0.0
1518152400,5.8,0.0
1518156000,6.1,0.0
1518159600,5.8,0.0
1518163200,4.8,0.001
1518166800,4.0,0.018
1518170400,3.9,0.055
1518174000,4.8,0.255
1518177600,5.0,0.316
1518181200,5.0,0.238
1518184800,5.5,0.176
1518188400,5.6,0.221
1518192000,5.1,0.145
1518195600,4.0,0.042
1518199200,3.0,0.0
1518202800,2.4,0.0
1518206400,1.9,0.0
1518210000,1.4,0.0
1518213600,0.8,0.0
1518217200,0.2,0.0
1518220800,-0.4,0.0
1518224400,-0.9,0.0
1518228000,-1.4,0.0
1518231600,-1.9,0.0
1518235200,-2.2,0.0
1518238800,-2.8,0.0
1518242400,-2.3,0.0
1518246000,-1.5,0.0
1518249600,0.6,0.006
1518253200,2.9,0.052
1518256800,5.1,0.106
1518260400,6.3,0.124
1518264000,6.1,0.121
1518267600,6.4,0.076
1518271200,6.8,0.058
1518274800,6.8,0.022
1518278400,6.6,0.016
1518282000,7.1,0.005
1518285600,7.5,0.0
1518289200,7.9,0.0
1518292800,8.4,0.0
1518296400,8.6,0.0
1518300000,9.0,0.0
1518303600,9.6,0.0
1518307200,9.6,0.0
1518310800,9.8,0.0
1518314400,8.2,0.0
1518318000,6.2,0.0
1518321600,4.7,0.0
1518325200,4.2,0.0
1518328800,3.8,0.0
1518332400,3.2,0.0
1518336000,2.9,0.011
1518339600,3.8,0.109
1518343200,4.9,0.229
1518346800,5.8,0.33
1518350400,6.3,0.324
1518354000,6.3,0.351
1518357600,6.2,0.335
1518361200,5.6,0.239
1518364800,4.7,0.121
1518368400,3.5,0.035
1518372000,2.5,0.0
1518375600,2.1,0.0
1518379200,1.5,0.0
1518382800,1.0,0.0
1518386400,0.7,0.0
1518390000,0.3,0.0
1518393600,0.3,0.0
1518397200,0.3,0.0
1518400800,0.0,0.0
1518404400,-0.5,0.0
1518408000,-0.9,0.0
1518411600,-1.2,0.0
1518415200,-1.6,0.0
1518418800,-1.9,0.0
1518422400,-1.4,0.013
1518426000,0.6,0.113
1518429600,2.5,0.239
1518433200,4.2,0.34
1518436800,5.2,0.399
1518440400,6.2,0.408
1518444000,6.2,0.263
1518447600,6.2,0.229
1518451200,5.5,0.142
1518454800,4.0,0.045
1518458400,2.3,0.0
1518462000,2.0,0.0
1518465600,1.6,0.0
1518469200,1.4,0.0
1518472800,1.7,0.0
1518476400,2.1,0.0
1518480000,2.7,0.0
1518483600,2.9,0.0
1518487200,3.0,0.0
1518490800,3.5,0.0
1518494400,3.5,0.0
1518498000,3.5,0.0
1518501600,3.5,0.0
1518505200,4.1,0.0
1518508800,4.3,0.008
1518512400,4.9,0.043
1518516000,4.9,0.093
1518519600,4.6,0.124
1518523200,3.9,0.109
1518526800,4.3,0.159
1518530400,3.6,0.12
1518534000,4.2,0.117
1518537600,4.2,0.076
1518541200,3.5,0.027
1518544800,3.7,0.0
1518548400,3.8,0.0
1518552000,3.7,0.0
1518555600,3.5,0.0
1518559200,3.2,0.0
1518562800,3.2,0.0
1518566400,3.0,0.0
1518570000,2.8,0.0
1518573600,2.0,0.0
1518577200,1.1,0.0
1518580800,-0.5,0.0
1518584400,-2.3,0.0
1518588000,-3.0,0.0
1518591600,-2.1,0.0
1518595200,-0.2,0.012
1518598800,2.7,0.082
1518602400,5.1,0.209
1518606000,6.8,0.234
1518609600,5.2,0.141
1518613200,5.6,0.1
1518616800,4.9,0.063
1518620400,4.7,0.071
1518624000,4.5,0.02
1518627600,4.9,0.004
1518631200,5.2,0.0
1518634800,5.4,0.0
1518638400,5.7,0.0
1518642000,6.1,0.0
1518645600,6.8,0.0
1518649200,7.7,0.0
1518652800,7.7,0.0
1518656400,8.8,0.0
1518660000,8.9,0.0
1518663600,8.4,0.0
1518667200,8.3,0.0
1518670800,7.4,0.0
1518674400,7.5,0.0
1518678000,7.2,0.0
1518681600,6.8,0.017
1518685200,7.4,0.12
1518688800,8.2,0.249
1518692400,8.8,0.352
1518696000,9.1,0.406
1518699600,9.2,0.286
1518703200,9.2,0.299
1518706800,9.0,0.303
1518710400,8.1,0.178
1518714000,6.5,0.062
1518717600,5.1,0.001
1518721200,4.3,0.0
1518724800,3.7,0.0
1518728400,3.2,0.0
1518732000,3.2,0.0
1518735600,2.8,0.0
1518739200,2.8,0.0
1518742800,2.2,0.0
1518746400,1.8,0.0
1518750000,1.3,0.0
1518753600,0.8,0.0
1518757200,0.2,0.0
1518760800,-0.3,0.0
1518764400,-0.6,0.0
1518768000,0.2,0.021
1518771600,2.5,0.132
1518775200,4.6,0.259
1518778800,6.3,0.343
1518782400,7.7,0.406
1518786000,8.5,0.43
1518789600,8.8,0.39
1518793200,8.8,0.311
1518796800,8.1,0.189
1518800400,4.7,0.06
1518804000,4.0,0.001
1518807600,2.5,0.0
1518811200,2.2,0.0
1518814800,2.0,0.0
1518818400,1.6,0.0
1518822000,1.8,0.0
1518825600,0.9,0.0
1518829200,0.4,0.0
1518832800,0.8,0.0
1518836400,0.9,0.0
1518840000,0.6,0.0
1518843600,0.3,0.0
1518847200,-0.6,0.0
1518850800,-0.2,0.0
1518854400,0.8,0.02
1518858000,3.4,0.131
1518861600,5.7,0.26
1518865200,7.6,0.361
1518868800,8.6,0.42
1518872400,9.2,0.429
1518876000,9.4,0.388
1518879600,9.3,0.269
1518883200,8.8,0.14
1518886800,6.9,0.04
1518890400,6.6,0.001
1518894000,5.2,0.0
1518897600,4.5,0.0
1518901200,4.3,0.0
1518904800,4.3,0.0
1518908400,3.7,0.0
1518912000,3.0,0.0
1518915600,2.0,0.0
1518919200,1.1,0.0
1518922800,0.8,0.0
1518926400,0.6,0.0
1518930000,0.3,0.0
1518933600,1.4,0.0
1518937200,2.0,0.0
1518940800,3.6,0.018
1518944400,5.9,0.096
1518948000,7.6,0.197
1518951600,8.5,0.269
1518955200,9.1,0.315
1518958800,9.4,0.207
1518962400,9.8,0.185
1518966000,9.8,0.128
1518969600,9.1,0.066
1518973200,8.0,0.033
1518976800,6.6,0.001
1518980400,6.1,0.0
1518984000,5.9,0.0
1518987600,5.8,0.0
1518991200,6.2,0.0
1518994800,6.2,0.0
1518998400,5.8,0.0
1519002000,5.9,0.0
1519005600,5.9,0.0
1519009200,5.4,0.0
1519012800,5.3,0.0
1519016400,5.6,0.0
1519020000,5.8,0.0
1519023600,5.9,0.0
1519027200,6.3,0.002
1519030800,6.7,0.01
1519034400,7.0,0.02
1519038000,7.2,0.019
1519041600,7.6,0.021
1519045200,8.6,0.04
1519048800,9.6,0.033
1519052400,10.1,0.034
1519056000,10.0,0.016
1519059600,9.9,0.004
1519063200,9.9,0.0
1519066800,9.8,0.0
1519070400,9.7,0.0
1519074000,9.4,0.0
1519077600,9.2,0.0
1519081200,9.0,0.0
1519084800,8.9,0.0
1519088400,8.9,0.0
1519092000,8.8,0.0
1519095600,8.6,0.0
1519099200,8.3,0.0
1519102800,8.1,0.0
1519106400,8.1,0.0
1519110000,8.0,0.0
1519113600,8.1,0.004
1519117200,7.9,0.015
1519120800,7.7,0.028
1519124400,8.1,0.097
1519128000,8.4,0.263
1519131600,9.3,0.345
1519135200,8.6,0.313
1519138800,8.6,0.214
1519142400,7.9,0.112
1519146000,7.8,0.013
1519149600,7.7,0.001
1519153200,6.3,0.0
1519156800,5.7,0.0
1519160400,5.5,0.0
1519164000,5.0,0.0
1519167600,4.8,0.0
1519171200,4.9,0.0
1519174800,4.5,0.0
1519178400,4.0,0.0
1519182000,3.3,0.0
1519185600,3.2,0.0
1519189200,2.8,0.0
1519192800,2.3,0.0
1519196400,1.5,0.0
1519200000,2.6,0.028
1519203600,4.1,0.13
1519207200,5.2,0.233
1519210800,6.1,0.308
1519214400,5.6,0.365
1519218000,5.8,0.187
1519221600,5.8,0.136
1519225200,5.7,0.097
1519228800,5.5,0.058
1519232400,5.2,0.026
1519236000,4.7,0.001
1519239600,4.8,0.0
1519243200,4.3,0.0
1519246800,3.7,0.0
1519250400,2.6,0.0
1519254000,2.1,0.0
1519257600,2.5,0.0
1519261200,2.3,0.0
1519264800,1.8,0.0
1519268400,2.4,0.0
1519272000,2.9,0.0
1519275600,2.1,0.0
1519279200,0.8,0.0
1519282800,0.8,0.0
1519286400,1.7,0.021
1519290000,2.8,0.086
1519293600,3.8,0.184
1519297200,3.9,0.186
1519300800,4.0,0.246
1519304400,4.4,0.219
1519308000,4.7,0.237
1519311600,4.6,0.228
1519315200,4.0,0.204
1519318800,2.6,0.097
1519322400,1.1,0.006
1519326000,0.4,0.0
1519329600,-0.4,0.0
1519333200,0.2,0.0
1519336800,1.4,0.0
1519340400,2.5,0.0
1519344000,2.5,0.0
1519347600,1.3,0.0
1519351200,1.3,0.0
1519354800,1.4,0.0
1519358400,1.1,0.0
1519362000,0.8,0.0
1519365600,0.3,0.0
1519369200,-0.3,0.0
1519372800,0.7,0.039
1519376400,2.5,0.155
1519380000,3.2,0.233
1519383600,3.5,0.278
1519387200,3.9,0.325
1519390800,3.8,0.28
1519394400,3.6,0.233
1519398000,3.5,0.155
1519401600,3.3,0.104
1519405200,2.8,0.05
1519408800,2.0,0.005
1519412400,1.8,0.0
1519416000,1.6,0.0
1519419600,1.4,0.0
1519423200,1.4,0.0
1519426800,0.8,0.0
1519430400,-0.1,0.0
1519434000,-0.9,0.0
1519437600,-2.0,0.0
1519441200,-2.2,0.0
1519444800,-2.2,0.0
1519448400,-1.9,0.0
1519452000,-1.6,0.0
1519455600,-1.6,0.0
1519459200,-0.4,0.046
1519462800,1.2,0.18
1519466400,2.5,0.319
1519470000,3.2,0.424
1519473600,4.0,0.486
1519477200,4.3,0.497
1519480800,4.4,0.459
1519484400,4.3,0.372
1519488000,4.1,0.248
1519491600,3.1,0.106
1519495200,2.3,0.008
1519498800,2.4,0.0
1519502400,2.3,0.0
1519506000,2.0,0.0
1519509600,1.6,0.0
1519513200,1.3,0.0
1519516800,0.9,0.0
1519520400,0.6,0.0
1519524000,0.3,0.0
1519527600,0.1,0.0
1519531200,-0.2,0.0
1519534800,-0.4,0.0
1519538400,-0.8,0.0
1519542000,-0.9,0.0
1519545600,-0.1,0.048
1519549200,1.1,0.179
1519552800,2.0,0.311
1519556400,2.5,0.416
1519560000,3.1,0.476
1519563600,3.3,0.486
1519567200,3.2,0.452
1519570800,2.8,0.37
1519574400,2.0,0.247
1519578000,0.9,0.108
1519581600,-0.2,0.009
1519585200,-0.7,0.0
1519588800,-1.1,0.0
1519592400,-1.5,0.0
1519596000,-1.5,0.0
1519599600,-0.9,0.0
1519603200,0.6,0.0
1519606800,0.5,0.0
1519610400,0.4,0.0
1519614000,0.2,0.0
1519617600,-0.6,0.0
1519621200,-1.4,0.0
1519624800,-1.5,0.0
1519628400,-1.8,0.0
1519632000,-1.1,0.033
1519635600,-0.6,0.104
1519639200,0.6,0.223
1519642800,1.2,0.32
1519646400,1.2,0.332
1519650000,1.5,0.405
1519653600,1.4,0.356
1519657200,0.8,0.251
1519660800,0.4,0.169
1519664400,-0.2,0.069
1519668000,-0.9,0.007
1519671600,-1.9,0.0
1519675200,-2.5,0.0
1519678800,-2.8,0.0
1519682400,-3.1,0.0
1519686000,-3.1,0.0
1519689600,-3.2,0.0
1519693200,-3.3,0.0
1519696800,-3.5,0.0
1519700400,-3.5,0.0
1519704000,-4.1,0.0
1519707600,-4.4,0.0
1519711200,-4.6,0.0
1519714800,-4.7,0.0
1519718400,-3.2,0.057
1519722000,-1.5,0.194
1519725600,-0.2,0.314
1519729200,0.7,0.379
1519732800,0.8,0.455
1519736400,1.4,0.425
1519740000,-0.2,0.347
1519743600,-0.5,0.204
1519747200,-0.6,0.194
1519750800,-1.7,0.12
1519754400,-4.9,0.012
1519758000,-5.0,0.0
1519761600,-5.1,0.0
1519765200,-5.1,0.0
1519768800,-5.4,0.0
1519772400,-6.0,0.0
1519776000,-5.6,0.0
1519779600,-5.2,0.0
1519783200,-5.1,0.0
1519786800,-4.8,0.0
1519790400,-4.7,0.0
1519794000,-4.6,0.0
1519797600,-4.8,0.0
1519801200,-5.1,0.0
1519804800,-3.7,0.063
1519808400,-2.1,0.203
1519812000,-1.1,0.347
1519815600,-0.7,0.397
1519819200,-1.9,0.385
1519822800,-1.1,0.425
1519826400,-1.0,0.441
1519830000,-1.4,0.339
1519833600,-2.0,0.234
1519837200,-3.0,0.104
1519840800,-4.0,0.01
1519844400,-4.3,0.0
1519848000,-3.5,0.0
1519851600,-3.3,0.0
1519855200,-3.2,0.0
1519858800,-3.0,0.0
1519862400,-3.4,0.0
1519866000,-3.4,0.0
1519869600,-3.3,0.0
1519873200,-3.2,0.0
1519876800,-3.3,0.0
1519880400,-3.3,0.0
1519884000,-3.4,0.0
1519887600,-3.4,0.0
1519891200,-3.2,0.023
1519894800,-2.4,0.08
1519898400,-2.2,0.076
1519902000,-2.0,0.098
1519905600,-2.5,0.075
1519909200,-1.8,0.145
1519912800,-1.9,0.088
1519916400,-1.6,0.071
1519920000,-1.4,0.049
1519923600,-0.9,0.032
1519927200,-0.6,0.006
1519930800,-0.1,0.0
1519934400,0.1,0.0
1519938000,0.0,0.0
1519941600,-0.2,0.0
1519945200,-0.6,0.0
1519948800,-0.8,0.0
1519952400,-0.8,0.0
1519956000,-0.7,0.0
1519959600,-0.8,0.0
1519963200,-1.0,0.0
1519966800,-0.9,0.0
1519970400,-0.9,0.0
1519974000,-1.0,0.001
1519977600,-0.7,0.021
1519981200,-0.4,0.048
1519984800,-0.1,0.089
1519988400,0.1,0.128
1519992000,-1.1,0.095
1519995600,-1.0,0.072
1519999200,-1.0,0.053
1520002800,-1.1,0.057
1520006400,-1.0,0.056
1520010000,-1.1,0.02
1520013600,-0.9,0.004
1520017200,-0.6,0.0
1520020800,-0.2,0.0
1520024400,0.0,0.0
1520028000,0.3,0.0
1520031600,0.5,0.0
1520035200,0.1,0.0
1520038800,0.2,0.0
1520042400,0.5,0.0
1520046000,0.9,0.0
1520049600,1.1,0.0
1520053200,0.9,0.0
1520056800,0.5,0.0
1520060400,0.2,0.001
1520064000,1.2,0.057
1520067600,3.0,0.173
1520071200,4.7,0.286
1520074800,6.1,0.45
1520078400,4.9,0.453
1520082000,4.2,0.199
1520085600,5.1,0.371
1520089200,3.8,0.143
1520092800,3.3,0.124
1520096400,2.5,0.068
1520100000,2.2,0.007
1520103600,2.2,0.0
1520107200,2.3,0.0
1520110800,2.2,0.0
1520114400,0.8,0.0
1520118000,0.3,0.0
1520121600,2.0,0.0
1520125200,2.1,0.0
1520128800,3.0,0.0
1520132400,3.9,0.0
1520136000,3.2,0.0
1520139600,3.2,0.0
1520143200,3.2,0.0
1520146800,3.5,0.002
1520150400,4.7,0.061
1520154000,6.6,0.19
1520157600,8.2,0.304
1520161200,8.9,0.314
1520164800,8.9,0.258
1520168400,8.9,0.233
1520172000,9.0,0.262
1520175600,8.2,0.162
1520179200,7.7,0.103
1520182800,6.6,0.051
1520186400,4.8,0.009
1520190000,4.5,0.0
1520193600,4.4,0.0
1520197200,4.1,0.0
1520200800,3.6,0.0
1520204400,4.6,0.0
1520208000,5.7,0.0
1520211600,5.6,0.0
1520215200,5.3,0.0
1520218800,4.9,0.0
1520222400,4.3,0.0
1520226000,4.1,0.0
1520229600,3.8,0.0
1520233200,3.5,0.003
1520236800,4.9,0.078
1520240400,6.8,0.214
1520244000,7.9,0.276
1520247600,8.9,0.317
1520251200,8.4,0.327
1520254800,9.6,0.327
1520258400,9.9,0.296
1520262000,8.9,0.234
1520265600,7.5,0.083
1520269200,7.0,0.048
1520272800,7.5,0.004
1520276400,7.3,0.0
1520280000,7.4,0.0
1520283600,7.7,0.0
1520287200,7.7,0.0
1520290800,7.7,0.0
1520294400,6.8,0.0
1520298000,6.9,0.0
1520301600,6.4,0.0
1520305200,5.6,0.0
1520308800,4.9,0.0
1520312400,4.7,0.0
1520316000,4.4,0.0
1520319600,4.2,0.002
1520323200,4.7,0.039
1520326800,5.5,0.11
1520330400,6.4,0.135
1520334000,7.7,0.194
1520337600,9.1,0.308
1520341200,9.6,0.274
1520344800,9.8,0.249
1520348400,9.4,0.219
1520352000,8.8,0.141
1520355600,7.7,0.092
1520359200,6.0,0.013
1520362800,6.0,0.0
1520366400,5.5,0.0
1520370000,4.8,0.0
1520373600,3.2,0.0
1520377200,2.5,0.0
1520380800,2.2,0.0
1520384400,2.8,0.0
1520388000,2.8,0.0
1520391600,3.1,0.0
1520395200,3.2,0.0
1520398800,3.2,0.0
1520402400,3.2,0.0
1520406000,3.0,0.001
1520409600,3.3,0.028
1520413200,4.6,0.113
1520416800,6.8,0.331
1520420400,7.9,0.417
1520424000,9.1,0.442
1520427600,9.6,0.453
1520431200,6.8,0.42
1520434800,8.6,0.26
1520438400,8.4,0.255
1520442000,7.2,0.123
1520445600,5.4,0.024
1520449200,3.8,0.0
1520452800,2.8,0.0
1520456400,2.4,0.0
1520460000,2.3,0.0
1520463600,2.8,0.0
1520467200,4.0,0.0
1520470800,4.8,0.0
1520474400,5.1,0.0
1520478000,5.7,0.0
1520481600,5.6,0.0
1520485200,5.2,0.0
1520488800,6.0,0.0
1520492400,4.8,0.004
1520496000,4.9,0.096
1520499600,5.9,0.237
1520503200,6.7,0.354
1520506800,6.9,0.394
1520510400,7.4,0.446
1520514000,7.9,0.423
1520517600,8.6,0.421
1520521200,8.8,0.401
1520524800,8.4,0.296
1520528400,7.5,0.154
1520532000,5.8,0.028
1520535600,5.1,0.0
1520539200,4.6,0.0
1520542800,4.0,0.0
1520546400,3.5,0.0
1520550000,3.1,0.0
1520553600,3.7,0.0
1520557200,3.7,0.0
1520560800,2.8,0.0
1520564400,2.0,0.0
1520568000,0.9,0.0
1520571600,0.2,0.0
1520575200,0.7,0.0
1520578800,1.5,0.006
1520582400,3.6,0.083
1520586000,6.1,0.176
1520589600,8.4,0.308
1520593200,9.6,0.368
1520596800,9.2,0.2
1520600400,8.6,0.072
1520604000,8.2,0.077
1520607600,7.7,0.037
1520611200,7.3,0.03
1520614800,7.2,0.014
1520618400,7.3,0.003
1520622000,7.7,0.0
1520625600,8.5,0.0
1520629200,9.7,0.0
1520632800,10.1,0.0
1520636400,10.1,0.0
1520640000,10.4,0.0
1520643600,10.6,0.0
1520647200,9.9,0.0
1520650800,10.1,0.0
1520654400,9.4,0.0
1520658000,9.4,0.0
1520661600,9.0,0.0
1520665200,9.4,0.005
1520668800,10.5,0.063
1520672400,11.9,0.177
1520676000,13.1,0.268
1520679600,12.7,0.159
1520683200,12.9,0.19
1520686800,12.9,0.17
1520690400,12.9,0.148
1520694000,13.9,0.234
1520697600,13.1,0.153
1520701200,12.4,0.103
1520704800,10.9,0.02
1520708400,9.4,0.0
1520712000,8.1,0.0
1520715600,7.2,0.0
1520719200,5.9,0.0
1520722800,4.9,0.0
1520726400,5.6,0.0
1520730000,6.2,0.0
1520733600,4.2,0.0
1520737200,4.4,0.0
1520740800,5.1,0.0
1520744400,5.2,0.0
1520748000,5.2,0.0
1520751600,5.2,0.006
1520755200,6.6,0.058
1520758800,7.8,0.077
1520762400,9.4,0.243
1520766000,10.3,0.321
1520769600,11.1,0.48
1520773200,10.9,0.166
1520776800,11.1,0.158
1520780400,11.6,0.106
1520784000,11.9,0.13
1520787600,10.7,0.061
1520791200,8.9,0.011
1520794800,9.1,0.0
1520798400,8.9,0.0
1520802000,8.6,0.0
1520805600,8.4,0.0
1520809200,8.8,0.0
1520812800,8.6,0.0
1520816400,8.9,0.0
1520820000,8.9,0.0
1520823600,7.9,0.0
1520827200,7.9,0.0
1520830800,7.9,0.0
1520834400,7.9,0.0
1520838000,7.9,0.002
1520841600,8.2,0.037
1520845200,9.1,0.077
1520848800,9.2,0.086
1520852400,9.2,0.078
1520856000,9.9,0.089
1520859600,10.0,0.116
1520863200,9.9,0.125
1520866800,10.1,0.155
1520870400,9.9,0.119
1520874000,9.1,0.044
1520877600,7.9,0.008
1520881200,7.2,0.0
1520884800,6.3,0.0
1520888400,5.9,0.0
1520892000,5.6,0.0
1520895600,5.4,0.0
1520899200,6.4,0.0
1520902800,6.0,0.0
1520906400,5.7,0.0
1520910000,5.3,0.0
1520913600,5.2,0.0
1520917200,5.2,0.0
1520920800,5.2,0.0
1520924400,5.3,0.008
1520928000,5.8,0.07
1520931600,7.1,0.204
1520935200,8.1,0.221
1520938800,9.1,0.266
1520942400,10.1,0.247
1520946000,10.3,0.186
1520949600,10.1,0.196
1520953200,9.4,0.097
1520956800,9.6,0.152
1520960400,9.4,0.105
1520964000,6.9,0.027
1520967600,6.2,0.0
1520971200,6.2,0.0
1520974800,5.4,0.0
1520978400,4.5,0.0
1520982000,4.0,0.0
1520985600,3.2,0.0
1520989200,2.2,0.0
1520992800,1.9,0.0
1520996400,3.2,0.0
1521000000,4.0,0.0
1521003600,4.1,0.0
1521007200,4.1,0.0
1521010800,4.7,0.016
1521014400,6.6,0.12
1521018000,8.2,0.244
1521021600,9.6,0.322
1521025200,10.8,0.391
1521028800,12.1,0.408
1521032400,11.1,0.239
1521036000,11.9,0.447
1521039600,11.9,0.342
1521043200,11.6,0.246
1521046800,11.1,0.152
1521050400,10.2,0.032
1521054000,10.1,0.0
1521057600,10.1,0.0
1521061200,9.9,0.0
1521064800,10.0,0.0
1521068400,10.1,0.0
1521072000,9.2,0.0
1521075600,8.1,0.0
1521079200,7.6,0.0
1521082800,7.4,0.0
1521086400,7.6,0.0
1521090000,8.1,0.0
1521093600,8.4,0.0
1521097200,8.6,0.002
1521100800,9.0,0.03
1521104400,9.1,0.047
1521108000,9.1,0.067
1521111600,9.5,0.119
1521115200,10.8,0.124
1521118800,10.8,0.234
1521122400,11.6,0.285
1521126000,12.0,0.303
1521129600,11.9,0.214
1521133200,10.9,0.12
1521136800,9.0,0.036
1521140400,7.6,0.0
1521144000,7.2,0.0
1521147600,7.2,0.0
1521151200,6.8,0.0
1521154800,6.2,0.0
1521158400,6.8,0.0
1521162000,7.9,0.0
1521165600,7.9,0.0
1521169200,7.9,0.0
1521172800,7.3,0.0
1521176400,7.1,0.0
1521180000,6.6,0.0
1521183600,6.1,0.02
1521187200,7.9,0.137
1521190800,9.4,0.284
1521194400,10.6,0.372
1521198000,11.2,0.366
1521201600,11.1,0.33
1521205200,11.7,0.394
1521208800,11.9,0.389
1521212400,12.0,0.323
1521216000,11.6,0.219
1521219600,10.6,0.133
1521223200,9.9,0.037
1521226800,7.5,0.0
1521230400,5.7,0.0
1521234000,5.1,0.0
1521237600,4.6,0.0
1521241200,4.7,0.0
1521244800,5.3,0.0
1521248400,5.2,0.0
1521252000,4.7,0.0
1521255600,3.9,0.0
1521259200,3.1,0.0
1521262800,2.5,0.0
1521266400,1.9,0.0
1521270000,1.4,0.004
1521273600,0.9,0.022
1521277200,0.9,0.059
1521280800,1.0,0.095
1521284400,1.1,0.15
1521288000,0.9,0.168
1521291600,1.0,0.152
1521295200,0.8,0.16
1521298800,0.9,0.116
1521302400,0.9,0.1
1521306000,0.2,0.052
1521309600,-0.1,0.021
1521313200,-0.4,0.0
1521316800,-0.6,0.0
1521320400,-0.6,0.0
1521324000,-0.4,0.0
1521327600,-0.3,0.0
1521331200,-0.9,0.0
1521334800,-0.7,0.0
1521338400,-0.4,0.0
1521342000,-0.1,0.0
1521345600,0.2,0.0
1521349200,0.2,0.0
1521352800,0.1,0.0
1521356400,0.2,0.009
1521360000,0.3,0.038
1521363600,0.6,0.069
1521367200,0.8,0.143
1521370800,0.9,0.204
1521374400,0.2,0.291
1521378000,-0.2,0.251
1521381600,-0.6,0.169
1521385200,-0.6,0.133
1521388800,-0.5,0.102
1521392400,-0.6,0.048
1521396000,-0.8,0.014
1521399600,-0.7,0.0
1521403200,-0.3,0.0
1521406800,0.1,0.0
1521410400,0.3,0.0
1521414000,0.4,0.0
1521417600,0.3,0.0
1521421200,0.3,0.0
1521424800,0.3,0.0
1521428400,0.2,0.0
1521432000,-0.1,0.0
1521435600,-0.2,0.0
1521439200,-0.3,0.0
1521442800,-0.2,0.016
1521446400,0.2,0.088
1521450000,0.6,0.149
1521453600,1.1,0.22
1521457200,1.2,0.23
1521460800,1.3,0.284
1521464400,1.9,0.304
1521468000,2.1,0.305
1521471600,2.5,0.316
1521475200,2.3,0.269
1521478800,1.8,0.181
1521482400,0.8,0.058
1521486000,-0.1,0.0
1521489600,-0.5,0.0
1521493200,-0.8,0.0
1521496800,-0.9,0.0
1521500400,-0.3,0.0
1521504000,1.4,0.0
1521507600,1.6,0.0
1521511200,1.7,0.0
1521514800,1.6,0.0
1521518400,1.8,0.0
1521522000,2.0,0.0
1521525600,2.5,0.0
1521529200,3.0,0.012
1521532800,3.5,0.042
1521536400,4.6,0.1
1521540000,6.2,0.361
1521543600,6.3,0.34
1521547200,6.3,0.385
1521550800,6.6,0.363
1521554400,6.9,0.336
1521558000,6.8,0.248
1521561600,6.3,0.182
1521565200,5.6,0.111
1521568800,4.7,0.042
1521572400,3.5,0.0
1521576000,1.7,0.0
1521579600,1.1,0.0
1521583200,0.6,0.0
1521586800,2.3,0.0
1521590400,0.9,0.0
1521594000,0.6,0.0
1521597600,-0.8,0.0
1521601200,-1.2,0.0
1521604800,-1.8,0.0
1521608400,-1.8,0.0
1521612000,-2.4,0.0
1521615600,-0.2,0.036
1521619200,2.1,0.17
1521622800,4.4,0.311
1521626400,6.5,0.455
1521630000,7.8,0.566
1521633600,8.2,0.472
1521637200,8.4,0.391
1521640800,8.9,0.511
1521644400,8.8,0.41
1521648000,8.5,0.336
1521651600,7.9,0.194
1521655200,6.7,0.047
1521658800,5.8,0.001
1521662400,4.9,0.0
1521666000,3.5,0.0
1521669600,3.3,0.0
1521673200,3.3,0.0
1521676800,3.3,0.0
1521680400,3.3,0.0
1521684000,3.7,0.0
1521687600,3.8,0.0
1521691200,3.7,0.0
1521694800,3.8,0.0
1521698400,3.6,0.0
1521702000,4.4,0.024
1521705600,5.8,0.104
1521709200,7.7,0.263
1521712800,9.4,0.39
1521716400,10.5,0.417
1521720000,9.6,0.321
1521723600,9.4,0.202
1521727200,9.6,0.271
1521730800,9.1,0.24
1521734400,8.8,0.207
1521738000,8.4,0.116
1521741600,7.7,0.029
1521745200,6.9,0.001
1521748800,6.5,0.0
1521752400,6.1,0.0
1521756000,5.8,0.0
1521759600,5.2,0.0
1521763200,5.6,0.0
1521766800,6.5,0.0
1521770400,6.4,0.0
1521774000,6.3,0.0
1521777600,6.4,0.0
1521781200,6.4,0.0
1521784800,6.8,0.0
1521788400,7.1,0.004
1521792000,7.6,0.025
1521795600,9.1,0.157
1521799200,10.0,0.313
1521802800,10.9,0.465
1521806400,10.9,0.417
1521810000,11.2,0.325
1521813600,11.2,0.308
1521817200,11.3,0.307
1521820800,9.6,0.088
1521824400,8.9,0.066
1521828000,8.2,0.042
1521831600,7.2,0.001
1521835200,6.8,0.0
1521838800,6.4,0.0
1521842400,6.6,0.0
1521846000,6.7,0.0
1521849600,6.4,0.0
1521853200,6.8,0.0
1521856800,6.6,0.0
1521860400,6.2,0.0
1521864000,6.2,0.0
1521867600,6.2,0.0
1521871200,6.2,0.0
1521874800,6.3,0.008
1521878400,6.9,0.046
1521882000,7.8,0.099
1521885600,8.6,0.153
1521889200,9.5,0.207
1521892800,8.3,0.238
1521896400,8.8,0.12
1521900000,8.6,0.1
1521903600,9.0,0.112
1521907200,9.3,0.097
1521910800,9.0,0.044
1521914400,8.1,0.012
1521918000,7.6,0.0
1521921600,7.4,0.0
1521925200,7.2,0.0
1521928800,6.7,0.0
1521932400,6.6,0.0
1521936000,6.5,0.0
1521939600,6.5,0.0
1521943200,6.3,0.0
1521946800,6.2,0.0
1521950400,6.1,0.0
1521954000,5.7,0.0
1521957600,5.7,0.0
1521961200,6.2,0.019
1521964800,7.1,0.06
1521968400,7.8,0.11
1521972000,8.6,0.183
1521975600,9.2,0.229
1521979200,9.3,0.285
1521982800,10.1,0.232
1521986400,10.9,0.276
1521990000,10.9,0.257
1521993600,10.9,0.18
1521997200,9.8,0.12
1522000800,8.7,0.044
1522004400,6.8,0.002
1522008000,6.4,0.0
1522011600,5.3,0.0
1522015200,4.8,0.0
1522018800,3.7,0.0
1522022400,4.2,0.0
1522026000,4.1,0.0
1522029600,4.2,0.0
1522033200,3.3,0.0
1522036800,2.8,0.0
1522040400,2.4,0.0
1522044000,2.0,0.0
1522047600,3.6,0.053
1522051200,5.4,0.2
1522054800,7.2,0.359
1522058400,9.1,0.495
1522062000,10.4,0.536
1522065600,11.1,0.412
1522069200,11.6,0.449
1522072800,11.1,0.222
1522076400,10.8,0.159
1522080000,11.1,0.222
1522083600,10.5,0.144
1522087200,8.9,0.055
1522090800,7.0,0.002
1522094400,7.4,0.0
1522098000,6.2,0.0
1522101600,5.2,0.0
1522105200,4.8,0.0
1522108800,5.7,0.0
1522112400,5.9,0.0
1522116000,6.2,0.0
1522119600,6.2,0.0
1522123200,5.7,0.0
1522126800,5.1,0.0
1522130400,5.3,0.0
1522134000,5.6,0.004
1522137600,6.1,0.014
1522141200,6.7,0.032
1522144800,7.6,0.056
1522148400,8.9,0.094
1522152000,10.0,0.114
1522155600,11.9,0.154
1522159200,13.6,0.29
1522162800,12.9,0.34
1522166400,12.6,0.191
1522170000,12.1,0.162
1522173600,10.4,0.049
1522177200,9.4,0.002
1522180800,8.6,0.0
1522184400,7.7,0.0
1522188000,6.7,0.0
1522191600,5.9,0.0
1522195200,5.8,0.0
1522198800,5.2,0.0
1522202400,5.0,0.0
1522206000,5.4,0.0
1522209600,5.6,0.0
1522213200,5.2,0.0
1522216800,5.2,0.0
1522220400,5.4,0.01
1522224000,5.7,0.013
1522227600,5.4,0.04
1522231200,5.3,0.043
1522234800,5.2,0.058
1522238400,4.1,0.078
1522242000,5.4,0.117
1522245600,6.6,0.212
1522249200,7.8,0.402
1522252800,8.2,0.355
1522256400,6.6,0.206
1522260000,5.4,0.057
1522263600,4.4,0.004
1522267200,3.3,0.0
1522270800,3.0,0.0
1522274400,2.8,0.0
1522278000,2.2,0.0
1522281600,1.9,0.0
1522285200,1.6,0.0
1522288800,1.1,0.0
1522292400,1.0,0.0
1522296000,0.6,0.0
1522299600,-0.2,0.0
1522303200,-0.2,0.001
1522306800,2.5,0.067
1522310400,5.6,0.211
1522314000,7.2,0.337
1522317600,8.2,0.397
1522321200,9.0,0.507
1522324800,9.2,0.558
1522328400,8.5,0.395
1522332000,7.4,0.204
1522335600,5.2,0.052
1522339200,6.1,0.082
1522342800,7.1,0.067
1522346400,6.2,0.067
1522350000,5.1,0.004
1522353600,4.7,0.0
1522357200,4.2,0.0
1522360800,4.2,0.0
1522364400,4.6,0.0
1522368000,3.7,0.0
1522371600,3.0,0.0
1522375200,3.3,0.0
1522378800,3.5,0.0
1522382400,2.8,0.0
1522386000,1.4,0.0
1522389600,1.8,0.002
1522393200,4.0,0.051
1522396800,5.4,0.124
1522400400,6.7,0.173
1522404000,7.1,0.151
1522407600,7.9,0.192
1522411200,7.7,0.238
1522414800,7.3,0.152
1522418400,7.2,0.16
1522422000,6.2,0.059
1522425600,6.4,0.03
1522429200,6.6,0.024
1522432800,6.2,0.012
1522436400,6.2,0.001
1522440000,5.4,0.0
1522443600,4.0,0.0
1522447200,3.7,0.0
1522450800,3.9,0.0
1522454400,3.9,0.0
1522458000,3.8,0.0
1522461600,4.0,0.0
1522465200,3.9,0.0
1522468800,4.0,0.0
1522472400,4.1,0.0
1522476000,4.0,0.001
1522479600,3.9,0.017
1522483200,4.2,0.076
1522486800,4.9,0.182
1522490400,5.2,0.123
1522494000,5.9,0.131
1522497600,6.8,0.145
1522501200,7.6,0.199
1522504800,7.6,0.222
1522508400,8.4,0.254
1522512000,8.6,0.218
1522515600,8.3,0.173
1522519200,6.9,0.066
1522522800,5.4,0.006
1522526400,4.8,0.0
1522530000,4.7,0.0
1522533600,4.9,0.0
1522537200,4.7,0.0
